id	chr	position
rs284278	1	10790536
rs2885697	1	41544279
rs4839184	1	112460221
rs10157905	1	116308511
rs7526131	1	154425135
rs11588763	1	154813584
rs10800507	1	170185641
rs608930	1	170617306
rs520525	1	170638333
rs10920554	1	203026824
rs11579055	1	203031315
rs4951261	1	205717823
rs9919429	10	65313819
rs60212594	10	75414344
rs11001669	10	77936157
rs1044258	10	103605714
rs10786662	10	103989812
rs11598047	10	105342672
rs35176054	10	105480387
rs1822273	11	20010513
rs7937934	11	121635211
rs112630705	12	24773919
rs2958149	12	57109792
rs11180703	12	76223817
rs4766566	12	111706877
rs883079	12	114793240
rs4759387	12	123377569
rs77020228	12	124418472
rs7987944	13	23371474
rs56725097	13	46837373
rs28631169	14	23888183
rs8011444	14	32923080
rs10140139	14	35168159
rs11846704	14	35186694
rs2738413	14	64679960
rs72730336	14	73248661
rs8181996	14	77427469
rs62011291	15	63800013
rs4776472	15	70006873
rs74022964	15	73677264
rs12908004	15	80676925
rs12908437	15	99287375
rs2286466	16	2014283
rs2359171	16	73053022
rs11658168	17	7406134
rs72811294	17	12618680
rs17677363	17	45036112
rs7219869	17	68337185
rs17664213	18	48718269
rs6742276	2	61768745
rs2723075	2	65260344
rs1009358	2	65276452
rs62133983	2	69976384
rs6546553	2	70111711
rs72926475	2	86594487
rs12992412	2	148792665
rs2358891	2	175558804
rs35504893	2	179421294
rs295114	2	201195602
rs57372696	20	46422426
rs6089741	20	61154594
rs133890	22	26160161
rs6810325	3	12840934
rs73032363	3	24472866
rs7374540	3	38634142
rs10428132	3	38777554
rs332388	3	66411855
rs2306272	3	66434643
rs66757381	3	89561048
rs114167612	3	111586571
rs4855075	3	179170494
rs7653402	3	194799732
rs9872035	3	196494702
rs3960788	4	103915618
rs2723321	4	111554999
rs78229461	4	111697653
rs3853445	4	111761487
rs55754224	4	114428714
rs6596717	5	106427609
rs716845	5	113736416
rs148378888	5	137383078
rs4574537	5	137419728
rs865482	5	142640317
rs112583508	6	16417733
rs4151702	6	36645988
rs7742710	6	87899235
rs210628	6	117878313
rs17079881	6	118566187
rs89107	6	118578043
rs9481842	6	118974798
rs868155	6	122389906
rs12208899	6	133474303
rs11768850	7	876227
rs12672318	7	14369160
rs7782844	7	28411654
rs11773884	7	92285123
rs3801966	7	106824580
rs12668473	7	116145639
rs1997572	7	116198828
rs11786272	8	11496032
rs7508	8	17913970
rs7846485	8	21803735
rs35006907	8	125859817
rs13276886	8	141730890
rs4977397	9	20235004
rs1675334	9	93653260
rs4385527	9	97648587
rs4743034	9	109632353
rs10760361	9	127178266
rs6089741	20	61154594
rs7219869	17	68337185
